Chrom,Start,End,ID,Colors
4,31841506,31841507,rn131966,darkgreen
7,61540368,61540369,rn243926,darkgreen
12,109427241,109427242,rn381459,darkgreen
4,100673238,100673239,rn145426,darkgreen
8,122220756,122220757,rn286585,darkgreen
10,56881122,56881123,rn322283,darkgreen
13,34991773,34991774,rn388294,darkgreen
9,22667225,22667226,rs1020463,blue
7,64865118,64865119,rs10226579,blue
7,119694410,119694411,rs10271592,blue
2,133676214,133676215,rs1036543,blue
19,12188317,12188318,rs10424345,blue
7,90747682,90747683,rs10488003,blue
2,167016102,167016103,rs10497281,blue
22,32908738,32908739,rs1056484,blue
10,65892071,65892072,rs10761835,blue
6,3285286,3285287,rs10793841,blue
1,96236784,96236785,rs10874946,blue
12,39068198,39068199,rs10875961,blue
7,98887802,98887803,rs10953286,blue
9,499516,499517,rs10974844,blue
5,168522312,168522313,rs11134558,blue
5,126009267,126009268,rs115969489,blue
15,71139706,71139707,rs11635165,blue
21,37873237,37873238,rs11700868,blue
22,44754963,44754964,rs11705079,blue
21,39202275,39202276,rs117930146,blue
1,231987419,231987420,rs118023864,blue
8,259934,259935,rs11990310,blue
1,84293113,84293114,rs12135529,blue
1,1249187,1249188,rs12142199,blue
12,96328422,96328423,rs12229055,blue
4,91527074,91527075,rs12502954,blue
4,165251843,165251844,rs12504267,blue
8,59453461,59453462,rs12545426,blue
14,99609217,99609218,rs1273225,blue
15,24196452,24196453,rs12906805,blue
1,53958603,53958604,rs1298637,blue
2,8118123,8118124,rs13021734,blue
8,91897549,91897550,rs1352159,blue
4,21552230,21552231,rs1380815,blue
20,2060151,2060152,rs1418029,blue
15,48426484,48426485,rs1426654,blue
9,109695950,109695951,rs1510283,blue
3,6042658,6042659,rs1517378,blue
4,63728612,63728613,rs1532948,blue
6,34927280,34927281,rs1535001,blue
13,105381134,105381135,rs1572510,blue
12,113916920,113916921,rs16942836,blue
13,77336326,77336327,rs17066642,blue
1,185740656,185740657,rs17505819,blue
5,60368781,60368782,rs17529085,blue
10,26101206,26101207,rs17665075,blue
11,131106301,131106302,rs1793568,blue
7,20636239,20636240,rs1858940,blue
3,123941100,123941101,rs1920623,blue
18,3764439,3764440,rs200923413,blue
16,53806145,53806146,rs2058908,blue
13,77289977,77289978,rs2149698,blue
11,19188122,19188123,rs2242458,blue
20,34074831,34074832,rs224371,blue
13,112889456,112889457,rs2255084,blue
7,31137003,31137004,rs2267740,blue
17,35219205,35219206,rs2270662,blue
3,31789582,31789583,rs2290532,blue
14,95062298,95062299,rs2402480,blue
5,110106634,110106635,rs244430,blue
11,80086923,80086924,rs2448265,blue
4,177844568,177844569,rs2574904,blue
2,109567445,109567446,rs260699,blue
17,8048283,8048284,rs2735611,blue
9,108316653,108316654,rs2768288,blue
10,24347747,24347748,rs28831093,blue
1,159174683,159174684,rs2814778,blue
21,17611773,17611774,rs2823676,blue
2,239417840,239417841,rs28497373,blue
5,72636566,72636567,rs2972201,blue
20,62181508,62181509,rs310612,blue
12,66250940,66250941,rs343092,blue
7,146413497,146413498,rs344470,blue
5,33951116,33951117,rs35397,blue
3,53243913,53243914,rs35416537,blue
1,212960866,212960867,rs3738800,blue
17,58508618,58508619,rs3760332,blue
3,185964708,185964709,rs3774061,blue
6,167352104,167352105,rs3777722,blue
5,2518738,2518739,rs378257,blue
10,88128281,88128282,rs3814614,blue
4,13483049,13483050,rs3822225,blue
22,46786315,46786316,rs4044210,blue
6,102323696,102323697,rs4120910,blue
12,15801799,15801800,rs4237954,blue
11,94591289,94591290,rs4309121,blue
16,10989754,10989755,rs45601437,blue
4,151531352,151531353,rs4577554,blue
4,41833487,41833488,rs4623048,blue
11,39889167,39889168,rs4755530,blue
18,35762424,35762425,rs4799476,blue
4,122633535,122633536,rs4833757,blue
1,153885261,153885262,rs4845584,blue
6,150303241,150303242,rs4869782,blue
8,128279007,128279008,rs4871779,blue
18,67683698,67683699,rs4891800,blue
1,27931698,27931699,rs4908343,blue
10,108987492,108987493,rs4918288,blue
11,64532579,64532580,rs523200,blue
2,202975501,202975502,rs58321030,blue
9,133343659,133343660,rs590086,blue
15,93926529,93926530,rs62045476,blue
1,234358216,234358217,rs622815,blue
7,6255327,6255328,rs6463531,blue
1,116949306,116949307,rs6660743,blue
2,2372168,2372169,rs6759202,blue
3,153258272,153258273,rs6764190,blue
3,129401505,129401506,rs6780938,blue
4,97906295,97906296,rs6834049,blue
5,175158653,175158654,rs6875659,blue
8,88852543,88852544,rs6995710,blue
8,29383034,29383035,rs7012981,blue
10,118171016,118171017,rs7087634,blue
14,75677699,75677700,rs7148230,blue
16,75820543,75820544,rs7202210,blue
18,19683998,19683999,rs7234530,blue
19,45451647,45451648,rs7257095,blue
2,71194556,71194557,rs72897942,blue
12,45394863,45394864,rs7315173,blue
13,49067103,49067104,rs7325962,blue
3,2134399,2134400,rs74895924,blue
8,3545212,3545213,rs75644136,blue
2,39611382,39611383,rs7596222,blue
3,64514393,64514394,rs7631391,blue
19,24376384,24376385,rs76813435,blue
15,45167563,45167564,rs77145924,blue
5,142142348,142142349,rs7736578,blue
17,13124790,13124791,rs78223898,blue
2,100134353,100134354,rs78509428,blue
9,83932430,83932431,rs7853515,blue
9,24883179,24883180,rs7873820,blue
11,123261385,123261386,rs7927064,blue
14,32328112,32328113,rs8009296,blue
14,48252483,48252484,rs8020002,blue
16,19803846,19803847,rs8050872,blue
2,206278900,206278901,rs849263,blue
10,31414304,31414305,rs867768,blue
12,117291957,117291958,rs903770,blue
13,28847135,28847136,rs9319424,blue
3,96472739,96472740,rs937878,blue
6,125961396,125961397,rs9401838,blue
6,68930738,68930739,rs9445980,blue
6,105883147,105883148,rs9486092,blue
